<?xml version="1.0" encoding="utf-8" standalone="no"?>
<problem revision="13" short-name="pinha-o-retorno" url="https://polygon.codeforces.com/p/rsalesc/pinha-o-retorno">
    <names>
        <name language="english" value="Pinha, o Retorno"/>
        <name language="portuguese" value="Pinha, o Retorno"/>
    </names>
    <statements>
        <statement charset="UTF-8" language="english" path="statements/english/problem.tex" type="application/x-tex"/>
        <statement language="english" path="statements/.pdf/english/problem.pdf" type="application/pdf"/>
        <statement charset="UTF-8" language="portuguese" path="statements/portuguese/problem.tex" type="application/x-tex"/>
        <statement language="portuguese" path="statements/.pdf/portuguese/problem.pdf" type="application/pdf"/>
        <statement charset="UTF-8" language="english" path="statements/.html/english/problem.html" type="text/html"/>
        <statement charset="UTF-8" language="portuguese" path="statements/.html/portuguese/problem.html" type="text/html"/>
    </statements>
    <judging cpu-name="Intel(R) Core(TM) i5-3470 CPU @ 3.20GHz" cpu-speed="3600" input-file="" output-file="">
        <testset name="tests">
            <time-limit>2000</time-limit>
            <memory-limit>268435456</memory-limit>
            <test-count>65</test-count>
            <input-path-pattern>tests/%02d</input-path-pattern>
            <answer-path-pattern>tests/%02d.a</answer-path-pattern>
            <tests>
                <test method="manual" sample="true"/>
                <test method="manual" sample="true"/>
                <test cmd="generator 4 2 -1 924" group="small-gen-tests" method="generated"/>
                <test cmd="generator 4 2 0 12" group="small-gen-tests" method="generated"/>
                <test cmd="generator 5 2 -1 924" group="small-gen-tests" method="generated"/>
                <test cmd="generator 5 2 0 12" group="small-gen-tests" method="generated"/>
                <test cmd="generator 6 2 -1 924" group="small-gen-tests" method="generated"/>
                <test cmd="generator 6 2 0 12" group="small-gen-tests" method="generated"/>
                <test cmd="generator 7 2 -1 924" group="small-gen-tests" method="generated"/>
                <test cmd="generator 7 2 0 12" group="small-gen-tests" method="generated"/>
                <test cmd="generator 8 2 -1 924" group="small-gen-tests" method="generated"/>
                <test cmd="generator 8 2 0 12" group="small-gen-tests" method="generated"/>
                <test cmd="generator 4 3 -1 924" group="small-gen-tests" method="generated"/>
                <test cmd="generator 4 3 0 12" group="small-gen-tests" method="generated"/>
                <test cmd="generator 5 3 -1 924" group="small-gen-tests" method="generated"/>
                <test cmd="generator 5 3 0 12" group="small-gen-tests" method="generated"/>
                <test cmd="generator 6 3 -1 924" group="small-gen-tests" method="generated"/>
                <test cmd="generator 6 3 0 12" group="small-gen-tests" method="generated"/>
                <test cmd="generator 7 3 -1 924" group="small-gen-tests" method="generated"/>
                <test cmd="generator 7 3 0 12" group="small-gen-tests" method="generated"/>
                <test cmd="generator 8 3 -1 924" group="small-gen-tests" method="generated"/>
                <test cmd="generator 8 3 0 12" group="small-gen-tests" method="generated"/>
                <test cmd="generator 4 4 -1 924" group="small-gen-tests" method="generated"/>
                <test cmd="generator 4 4 0 12" group="small-gen-tests" method="generated"/>
                <test cmd="generator 5 4 -1 924" group="small-gen-tests" method="generated"/>
                <test cmd="generator 5 4 0 12" group="small-gen-tests" method="generated"/>
                <test cmd="generator 6 4 -1 924" group="small-gen-tests" method="generated"/>
                <test cmd="generator 6 4 0 12" group="small-gen-tests" method="generated"/>
                <test cmd="generator 7 4 -1 924" group="small-gen-tests" method="generated"/>
                <test cmd="generator 7 4 0 12" group="small-gen-tests" method="generated"/>
                <test cmd="generator 8 4 -1 924" group="small-gen-tests" method="generated"/>
                <test cmd="generator 8 4 0 12" group="small-gen-tests" method="generated"/>
                <test cmd="generator 50 3 -3" method="generated"/>
                <test cmd="generator 50 3 1 2192" method="generated"/>
                <test method="manual"/>
                <test method="manual"/>
                <test method="manual"/>
                <test cmd="generator 50 5 -3" group="big-gen-tests" method="generated"/>
                <test cmd="generator 50 5 1 2192" group="big-gen-tests" method="generated"/>
                <test cmd="generator 50 10 -3" group="big-gen-tests" method="generated"/>
                <test cmd="generator 50 10 1 2192" group="big-gen-tests" method="generated"/>
                <test cmd="generator 100 3 -3" group="big-gen-tests" method="generated"/>
                <test cmd="generator 100 3 1 2192" group="big-gen-tests" method="generated"/>
                <test cmd="generator 100 5 -3" group="big-gen-tests" method="generated"/>
                <test cmd="generator 100 5 1 2192" group="big-gen-tests" method="generated"/>
                <test cmd="generator 100 10 -3" group="big-gen-tests" method="generated"/>
                <test cmd="generator 100 10 1 2192" group="big-gen-tests" method="generated"/>
                <test cmd="generator 200 3 -3" group="big-gen-tests" method="generated"/>
                <test cmd="generator 200 3 1 2192" group="big-gen-tests" method="generated"/>
                <test cmd="generator 200 5 -3" group="big-gen-tests" method="generated"/>
                <test cmd="generator 200 5 1 2192" method="generated"/>
                <test cmd="generator 200 10 -3" method="generated"/>
                <test cmd="generator 200 10 1 2192" method="generated"/>
                <test cmd="generator 400 3 -3" method="generated"/>
                <test cmd="generator 400 3 1 2192" method="generated"/>
                <test cmd="generator 400 5 -3" method="generated"/>
                <test cmd="generator 400 5 1 2192" method="generated"/>
                <test cmd="generator 400 10 -3" method="generated"/>
                <test cmd="generator 400 10 1 2192" method="generated"/>
                <test cmd="generator 500 3 -3" method="generated"/>
                <test cmd="generator 500 3 1 2192" method="generated"/>
                <test cmd="generator 500 5 -3" method="generated"/>
                <test cmd="generator 500 5 1 2192" method="generated"/>
                <test cmd="generator 500 10 -3" method="generated"/>
                <test cmd="generator 500 10 1 2192" method="generated"/>
            </tests>
        </testset>
    </judging>
    <files>
        <resources>
            <file path="files/olymp.sty"/>
            <file path="files/problem.tex"/>
            <file path="files/statements.ftl"/>
            <file path="files/testlib.h" type="h.g++"/>
        </resources>
        <executables>
            <executable>
                <source path="files/generator.cpp" type="cpp.g++"/>
                <binary path="files/generator.exe" type="exe.win32"/>
            </executable>
            <executable>
                <source path="files/validator.cpp" type="cpp.g++"/>
                <binary path="files/validator.exe" type="exe.win32"/>
            </executable>
        </executables>
    </files>
    <assets>
        <checker name="std::fcmp.cpp" type="testlib">
            <source path="files/check.cpp" type="cpp.g++"/>
            <binary path="check.exe" type="exe.win32"/>
            <copy path="check.cpp"/>
            <testset>
                <test-count>0</test-count>
                <input-path-pattern>files/tests/checker-tests/%02d</input-path-pattern>
                <output-path-pattern>files/tests/checker-tests/%02d.o</output-path-pattern>
                <answer-path-pattern>files/tests/checker-tests/%02d.a</answer-path-pattern>
                <tests/>
            </testset>
        </checker>
        <validators>
            <validator>
                <source path="files/validator.cpp" type="cpp.g++"/>
                <binary path="files/validator.exe" type="exe.win32"/>
                <testset>
                    <test-count>0</test-count>
                    <input-path-pattern>files/tests/validator-tests/%02d</input-path-pattern>
                    <tests/>
                </testset>
            </validator>
        </validators>
        <solutions>
            <solution tag="accepted">
                <source path="solutions/soln.cpp" type="cpp.g++11"/>
                <binary path="solutions/soln.exe" type="exe.win32"/>
            </solution>
            <solution tag="main">
                <source path="solutions/solution.cpp" type="cpp.g++11"/>
                <binary path="solutions/solution.exe" type="exe.win32"/>
            </solution>
            <solution tag="accepted">
                <source path="solutions/solution2.cpp" type="cpp.g++"/>
                <binary path="solutions/solution2.exe" type="exe.win32"/>
            </solution>
            <solution tag="wrong-answer">
                <source path="solutions/solution_wa.cpp" type="cpp.g++"/>
                <binary path="solutions/solution_wa.exe" type="exe.win32"/>
            </solution>
            <solution tag="wrong-answer">
                <source path="solutions/solution_wa2.cpp" type="cpp.g++"/>
                <binary path="solutions/solution_wa2.exe" type="exe.win32"/>
            </solution>
        </solutions>
    </assets>
    <properties>
        <property name="tests-wellformed" value="true"/>
    </properties>
    <stresses>
        <stress-count>0</stress-count>
        <stress-path-pattern>stresses/%03d</stress-path-pattern>
        <list/>
    </stresses>
    <tags>
        <tag value="implementation"/>
    </tags>
</problem>
